<?xml version="1.0"?>

<valgrindoutput>

<protocolversion>4</protocolversion>
<protocoltool>memcheck</protocoltool>

<preamble>
  <line>Memcheck, a memory error detector</line>
  <line>Copyright (C) 2002-2015, and GNU GPL'd, by Julian Seward et al.</line>
  <line>Using Valgrind-3.11.0 and LibVEX; rerun with -h for copyright info</line>
  <line>Command: /home/jpsamarino/Dropbox/REDES/TP1/bin/Debug/TP1</line>
</preamble>

<pid>11506</pid>
<ppid>5894</ppid>
<tool>memcheck</tool>

<args>
  <vargv>
    <exe>/usr/bin/valgrind.bin</exe>
    <arg>--leak-check=full</arg>
    <arg>--track-origins=yes</arg>
    <arg>--xml=yes</arg>
    <arg>--xml-file=/home/jpsamarino/Dropbox/REDES/TP1/ValgrindOut.xml</arg>
  </vargv>
  <argv>
    <exe>/home/jpsamarino/Dropbox/REDES/TP1/bin/Debug/TP1</exe>
  </argv>
</args>

<status>
  <state>RUNNING</state>
  <time>00:00:00:00.415 </time>
</status>


<status>
  <state>FINISHED</state>
  <time>00:00:00:01.254 </time>
</status>

<errorcounts>
</errorcounts>

<suppcounts>
</suppcounts>

</valgrindoutput>

